{"accuracy": 0.4710884353741497, "spearman": 0.04610794637795878}