{"accuracy": 0.532312925170068, "spearman": 0.0811615797656335}