{"accuracy": 0.5612244897959183, "spearman": 0.03011390690229756}