{"accuracy": 0.5748299319727891, "spearman": 0.1815672090295114}