{"accuracy": 0.42517006802721086, "spearman": -0.03623098347971746}