{"accuracy": 0.5782312925170068, "spearman": 0.08149365766012932}