{"accuracy": 0.6122448979591837, "spearman": 0.262309608004095}